{
  "name": "Volume 3",
  "description": "Gives tone() functionality with 10-bit volume control with no extra parts!",
  "keywords": "volume,control,tone,cone,speaker,pwm,magic",
  "authors":
  {
    "name": "Connor Nishijima",
    "email": "connornishijima@gmail.com"
  },
  "repository":
  {
    "type": "git",
    "url": "https://github.com/connornishijima/arduino-volume3.git"
  },
  "version": "1.0.0",
  "examples": "examples/*.ino",
  "frameworks": "arduino",
  "platforms":
  [
    "atmelavr"
  ]
}
